{
  "train_loss": [
    2.1933312461489725,
    2.1553719974699472,
    2.0721990971338182,
    1.8812163693564279,
    1.4302027429853166,
    0.9784145218985422,
    0.7884583825156802,
    0.6902853545688448,
    0.6232542821339199,
    0.5995042261623201,
    0.5878782681056431,
    0.5768878437223889,
    0.5563245608693077,
    0.5441939581008185,
    0.5425735553105672,
    0.542737436862219
  ],
  "train_acc": [
    0.1619047619047619,
    0.2702380952380952,
    0.44821428571428573,
    0.655952380952381,
    0.7428571428571429,
    0.8154761904761905,
    0.881547619047619,
    0.9172619047619047,
    0.9547619047619048,
    0.9625,
    0.9678571428571429,
    0.9648809523809524,
    0.9791666666666666,
    0.9851190476190477,
    0.9845238095238096,
    0.9833333333333333
  ],
  "val_loss": [
    2.176660336388482,
    2.123828093210856,
    2.002728467517429,
    1.6516859107547337,
    1.0096800830629138,
    0.7460225237740411,
    0.6595639175838894,
    0.6276597248183357,
    0.5659777522087097,
    0.574584882789188,
    0.5686059143808153,
    0.5664335568745931,
    0.5855459094047546,
    0.595595407485962,
    0.5847034321890937,
    0.5646144628524781
  ],
  "val_acc": [
    0.2361111111111111,
    0.5,
    0.7277777777777777,
    0.7972222222222223,
    0.8277777777777777,
    0.9138888888888889,
    0.9305555555555556,
    0.9416666666666667,
    0.975,
    0.9638888888888889,
    0.9611111111111111,
    0.9694444444444444,
    0.9611111111111111,
    0.95,
    0.9527777777777777,
    0.9611111111111111
  ]
}